x,y,land_area,Biodiversity Importance (Marine Integrated),Marine Intactness (2013),Biodiversity Importance (Marine Fish),Biodiversity Importance (Marine Crustacean),Biodiversity Importance (Shell),Biodiversity Importance (Seabird),Biodiversity Importance (Marine Mammal),Biodiversity Importance (Marine Algae),Biodiversity Importance (Coral),Biodiversity Importance (Marine Reptile),Marine Fish Species Richness,Marine Crustacean Species Richness,Shell Species Richness,Seabird Species Richness,Marine Mammal Species Richness,Marine Algae Species Richness,Coral Species Richness,Marine Reptile Species Richness,Biodiversity Importance (Marine Integrated) (Rank Percentile),Marine Intactness (2013) (Rank Percentile),Biodiversity Importance (Marine Fish) (Rank Percentile),Biodiversity Importance (Marine Crustacean) (Rank Percentile),Biodiversity Importance (Shell) (Rank Percentile),Biodiversity Importance (Seabird) (Rank Percentile),Biodiversity Importance (Marine Mammal) (Rank Percentile),Biodiversity Importance (Marine Algae) (Rank Percentile),Biodiversity Importance (Coral) (Rank Percentile),Biodiversity Importance (Marine Reptile) (Rank Percentile),Marine Fish Species Richness (Rank Percentile),Marine Crustacean Species Richness (Rank Percentile),Shell Species Richness (Rank Percentile),Seabird Species Richness (Rank Percentile),Marine Mammal Species Richness (Rank Percentile),Marine Algae Species Richness (Rank Percentile),Coral Species Richness (Rank Percentile),Marine Reptile Species Richness (Rank Percentile)
-170.75,-14.25,91.5939636230469,0.9952,0.5418,0.9985,0.9927,0.9906,0.9973,0.896,0.9943,0.9975,0.9557,1652.0,595.0,724.0,38.0,15.0,138.0,227.0,5.0,0.48000000000000265,68.4,0.14999999999999458,0.7299999999999973,0.9399999999999964,0.27000000000000357,10.399999999999999,0.5700000000000038,0.24999999999999467,4.430000000000001,1.9,2.3,1.4,1.2,11.5,4.1,2.6,8.6
-65.5833333333333,18.25,62.0078315734863,0.9998,0.5216,0.9988,0.999,0.9996,0.9845,0.9989,0.9976,0.9998,0.9973,2979.0,1420.0,1874.0,37.0,33.0,200.0,278.0,13.0,0.019999999999997797,72.3,0.11999999999999789,0.10000000000000009,0.039999999999995595,1.5499999999999958,0.10999999999999899,0.23999999999999577,0.019999999999997797,0.27000000000000357,0.1,0.0,0.0,1.3,0.9,0.6,1.4,2.8
-66.75,17.9166666666667,39.2373085021973,0.9992,0.3872,0.9986,0.9992,0.9988,0.9943,0.992,0.9963,0.9998,0.9787,2874.0,1483.0,1676.0,40.0,28.0,186.0,291.0,10.0,0.08000000000000229,89.9,0.13999999999999568,0.08000000000000229,0.11999999999999789,0.5700000000000038,0.8000000000000007,0.37000000000000366,0.019999999999997797,2.1299999999999986,0.2,0.0,0.0,0.9,1.9,0.9,1.1,3.9
-76.25,25.25,31.8579483032227,0.9991,0.7112,0.9986,0.9976,0.9995,0.9966,0.9949,0.9969,0.9994,0.9755,2882.0,1412.0,1896.0,45.0,33.0,198.0,280.0,8.0,0.09000000000000119,25.2,0.13999999999999568,0.23999999999999577,0.04999999999999449,0.33999999999999586,0.5099999999999993,0.30999999999999917,0.060000000000004494,2.4499999999999966,0.1,0.0,0.0,0.6,0.9,0.6,1.3,5.0
-66.25,18.4166666666667,267.354919433594,0.9977,0.3882,0.9962,0.9965,0.9973,0.9845,0.9913,0.9929,0.9993,0.9858,2607.0,1157.0,1442.0,26.0,27.0,170.0,257.0,12.0,0.22999999999999687,89.8,0.38000000000000256,0.34999999999999476,0.27000000000000357,1.5499999999999958,0.8700000000000041,0.7099999999999995,0.07000000000000339,1.419999999999999,0.4,0.2,0.1,4.3,2.2,1.6,1.8,3.1
-80.75,9.58333333333334,,0.9389,0.522,0.9549,0.9477,0.9643,0.806,0.8789,0.9321,0.9687,0.9344,739.0,423.0,320.0,8.0,15.0,46.0,51.0,5.0,6.110000000000005,72.2,4.510000000000003,5.230000000000001,3.5699999999999954,19.399999999999995,12.11,6.789999999999996,3.1299999999999994,6.559999999999999,5.3,4.4,4.2,30.3,11.5,17.9,9.5,8.6
-88.9166666666667,29.4166666666667,,0.9888,0.696,0.9942,0.9857,0.9919,0.9532,0.9927,0.9527,0.9591,0.9956,1213.0,590.0,612.0,13.0,27.0,92.0,25.0,11.0,1.1199999999999988,28.9,0.5800000000000027,1.429999999999998,0.8099999999999996,4.679999999999995,0.7299999999999973,4.73,4.090000000000005,0.43999999999999595,3.2,2.4,1.9,17.1,2.2,9.7,12.9,3.5
-64.75,17.75,132.549896240234,0.9767,0.3621,0.9862,0.9835,0.9806,0.9645,0.9585,0.9639,0.9881,0.9527,1721.0,741.0,611.0,30.0,22.0,102.0,130.0,7.0,2.3299999999999987,92.0,1.3800000000000034,1.649999999999996,1.9399999999999973,3.5499999999999976,4.149999999999999,3.610000000000002,1.1900000000000022,4.73,1.8,1.3,1.9,2.7,4.6,8.2,5.5,5.8
-94.9166666666667,29.5833333333333,18.6777992248535,0.9838,0.1189,0.98,0.976,0.9847,0.9604,0.9888,0.9255,0.842,0.998,515.0,284.0,213.0,14.0,20.0,34.0,3.0,8.0,1.6199999999999992,99.8,2.0000000000000018,2.400000000000002,1.529999999999998,3.959999999999997,1.1199999999999988,7.450000000000001,15.800000000000002,0.20000000000000018,6.4,7.3,6.0,15.1,6.1,20.6,34.2,5.0
-67.25,18.0833333333333,41.6502532958984,0.9998,0.444,0.999,0.9999,0.9999,0.9818,0.9871,0.997,0.9999,0.9879,3097.0,1797.0,1978.0,40.0,30.0,202.0,290.0,12.0,0.019999999999997797,84.1,0.10000000000000009,0.009999999999998899,0.009999999999998899,1.8199999999999994,1.2900000000000023,0.30000000000000027,0.009999999999998899,1.21,0.0,0.0,0.0,0.9,1.4,0.5,1.1,3.1
-62.0833333333333,10.5833333333333,52.3584976196289,0.9736,0.5839,0.9842,0.9704,0.9745,0.9294,0.975,0.9699,0.9588,0.995,1112.0,479.0,400.0,16.0,23.0,128.0,24.0,12.0,2.639999999999998,58.1,1.5800000000000036,2.959999999999996,2.5499999999999967,7.06,2.500000000000002,3.0100000000000016,4.120000000000001,0.5000000000000004,3.6,3.6,3.4,11.9,4.0,5.1,13.1,3.1
-43.25,-22.9166666666667,263.502532958984,0.9995,0.0431,0.996,0.9931,0.9969,0.9959,1.0,0.9846,0.9757,0.9967,1098.0,548.0,734.0,49.0,41.0,146.0,27.0,10.0,0.04999999999999449,100.0,0.40000000000000036,0.6900000000000017,0.30999999999999917,0.40999999999999925,0.0,1.539999999999997,2.429999999999999,0.32999999999999696,3.7,2.8,1.4,0.4,0.1,3.4,12.5,3.9
-93.0833333333333,28.25,,0.9526,0.3887,0.9728,0.9699,0.9628,0.8241,0.9223,0.9397,0.9605,0.9742,756.0,456.0,252.0,9.0,20.0,33.0,20.0,7.0,4.74,89.7,2.72,3.0100000000000016,3.720000000000001,17.589999999999996,7.77,6.030000000000002,3.949999999999998,2.5800000000000045,5.2,3.9,5.3,27.0,6.1,20.8,14.0,5.8
-81.4166666666667,24.4166666666667,,0.9959,0.4722,0.9954,0.9961,0.9968,0.9607,0.9845,0.979,0.9991,0.9796,2311.0,1159.0,1211.0,24.0,28.0,147.0,257.0,9.0,0.40999999999999925,80.5,0.46000000000000485,0.39000000000000146,0.31999999999999806,3.93,1.5499999999999958,2.100000000000002,0.09000000000000119,2.0399999999999974,0.7,0.2,0.4,5.3,1.9,3.3,1.8,4.4
-66.0833333333333,18.4166666666667,226.599594116211,0.9982,0.3491,0.9967,0.9963,0.9976,0.9861,0.9937,0.993,0.9995,0.9877,2676.0,1183.0,1486.0,29.0,28.0,172.0,266.0,12.0,0.18000000000000238,93.1,0.32999999999999696,0.37000000000000366,0.23999999999999577,1.3900000000000023,0.6299999999999972,0.7000000000000006,0.04999999999999449,1.2299999999999978,0.3,0.2,0.1,3.1,1.9,1.5,1.6,3.1
-79.5833333333333,1.58333333333334,,0.9263,0.7865,0.9532,0.9127,0.9324,0.9521,0.8066,0.9128,0.9485,0.9451,558.0,276.0,106.0,17.0,18.0,36.0,25.0,6.0,7.369999999999999,14.2,4.679999999999995,8.730000000000004,6.76,4.790000000000005,19.340000000000003,8.720000000000006,5.149999999999999,5.489999999999995,6.2,7.6,9.2,10.8,8.1,20.1,12.9,6.7
-45.75,-23.75,187.151275634766,0.9987,0.6081,0.9976,0.9994,0.9994,0.9966,0.9977,0.9908,0.9893,0.9966,1235.0,760.0,824.0,52.0,45.0,174.0,58.0,10.0,0.12999999999999678,52.2,0.23999999999999577,0.060000000000004494,0.060000000000004494,0.33999999999999586,0.22999999999999687,0.9199999999999986,1.0700000000000043,0.33999999999999586,3.2,1.2,1.1,0.3,0.0,1.4,9.0,3.9
-65.5833333333333,18.25,62.0078315734863,0.9998,0.5216,0.9988,0.999,0.9996,0.9845,0.9989,0.9976,0.9998,0.9973,2979.0,1420.0,1874.0,37.0,33.0,200.0,278.0,13.0,0.019999999999997797,72.3,0.11999999999999789,0.10000000000000009,0.039999999999995595,1.5499999999999958,0.10999999999999899,0.23999999999999577,0.019999999999997797,0.27000000000000357,0.1,0.0,0.0,1.3,0.9,0.6,1.4,2.8
-65.5833333333333,18.25,62.0078315734863,0.9998,0.5216,0.9988,0.999,0.9996,0.9845,0.9989,0.9976,0.9998,0.9973,2979.0,1420.0,1874.0,37.0,33.0,200.0,278.0,13.0,0.019999999999997797,72.3,0.11999999999999789,0.10000000000000009,0.039999999999995595,1.5499999999999958,0.10999999999999899,0.23999999999999577,0.019999999999997797,0.27000000000000357,0.1,0.0,0.0,1.3,0.9,0.6,1.4,2.8
-82.4166666666667,27.9166666666667,226.221237182617,0.9989,0.1369,0.9982,0.9983,0.9992,0.9657,0.9973,0.9832,0.9566,1.0,1245.0,707.0,1045.0,20.0,30.0,139.0,25.0,13.0,0.10999999999999899,99.8,0.18000000000000238,0.17000000000000348,0.08000000000000229,3.4299999999999997,0.27000000000000357,1.6800000000000037,4.34,0.0,3.1,1.4,0.6,7.9,1.4,4.0,12.9,2.8
-92.25,19.4166666666667,,0.9564,0.6488,0.9654,0.9813,0.9675,0.8343,0.8716,0.955,0.9705,0.9613,1364.0,801.0,471.0,13.0,16.0,100.0,173.0,7.0,4.359999999999998,41.6,3.4599999999999964,1.870000000000005,3.2499999999999973,16.569999999999997,12.839999999999996,4.5000000000000036,2.949999999999997,3.8699999999999957,2.7,1.0,2.8,17.1,10.3,8.5,4.1,5.8
-94.5833333333333,29.25,,0.992,0.6843,0.9916,0.9919,0.9906,0.9597,0.9959,0.958,0.9554,0.9983,1029.0,632.0,584.0,16.0,25.0,88.0,22.0,9.0,0.8000000000000007,31.8,0.8399999999999963,0.8099999999999996,0.9399999999999964,4.03,0.40999999999999925,4.200000000000004,4.459999999999997,0.17000000000000348,4.0,2.0,2.0,11.9,3.0,10.3,13.5,4.4
-65.5833333333333,18.25,62.0078315734863,0.9998,0.5216,0.9988,0.999,0.9996,0.9845,0.9989,0.9976,0.9998,0.9973,2979.0,1420.0,1874.0,37.0,33.0,200.0,278.0,13.0,0.019999999999997797,72.3,0.11999999999999789,0.10000000000000009,0.039999999999995595,1.5499999999999958,0.10999999999999899,0.23999999999999577,0.019999999999997797,0.27000000000000357,0.1,0.0,0.0,1.3,0.9,0.6,1.4,2.8
-46.25,-24.0833333333333,11.7648544311523,0.9972,0.5639,0.9905,0.9976,0.9969,0.9939,0.9992,0.9842,0.9846,0.9949,1123.0,699.0,752.0,53.0,45.0,160.0,40.0,9.0,0.28000000000000247,62.5,0.9499999999999953,0.23999999999999577,0.30999999999999917,0.6099999999999994,0.08000000000000229,1.5800000000000036,1.539999999999997,0.5099999999999993,3.6,1.5,1.3,0.3,0.0,2.3,10.6,4.4
-93.25,29.5833333333333,,0.9869,0.4903,0.9842,0.9851,0.9859,0.9531,0.9938,0.956,0.9465,0.9979,886.0,526.0,475.0,15.0,24.0,72.0,14.0,9.0,1.31,77.7,1.5800000000000036,1.4900000000000024,1.4100000000000001,4.690000000000005,0.6199999999999983,4.400000000000004,5.35,0.20999999999999908,4.6,3.0,2.7,13.3,3.4,12.8,16.1,4.4
-82.0833333333333,24.25,,0.9838,0.5443,0.986,0.9861,0.9893,0.941,0.972,0.9585,0.9938,0.9738,1604.0,866.0,724.0,21.0,25.0,99.0,170.0,9.0,1.6199999999999992,67.9,1.4000000000000012,1.3900000000000023,1.0700000000000043,5.900000000000006,2.8000000000000025,4.149999999999999,0.6199999999999983,2.62,2.0,0.8,1.4,7.2,3.0,8.6,4.2,4.4
-90.25,29.0833333333333,48.0502243041992,0.9846,0.5985,0.9833,0.9834,0.9873,0.9636,0.9901,0.9483,0.9393,0.9967,941.0,490.0,450.0,14.0,25.0,84.0,14.0,10.0,1.539999999999997,54.7,1.6700000000000048,1.6599999999999948,1.2700000000000045,3.639999999999999,0.990000000000002,5.169999999999996,6.069999999999998,0.32999999999999696,4.3,3.5,2.9,15.1,3.0,10.9,16.1,3.9
-74.75,19.25,,0.8843,0.5729,0.9039,0.904,0.9231,0.7875,0.8582,0.8981,0.9315,0.9188,346.0,248.0,91.0,9.0,12.0,23.0,26.0,3.0,11.570000000000002,60.5,9.609999999999996,9.599999999999998,7.689999999999997,21.250000000000004,14.180000000000003,10.19,6.8500000000000005,8.120000000000005,7.7,8.8,10.0,27.0,15.4,23.7,12.7,17.9
-89.9166666666667,28.75,,0.974,0.5141,0.9857,0.9806,0.9816,0.9313,0.9775,0.9429,0.9641,0.9851,1165.0,608.0,425.0,14.0,26.0,68.0,31.0,10.0,2.6000000000000023,73.6,1.429999999999998,1.9399999999999973,1.8399999999999972,6.869999999999998,2.2499999999999964,5.710000000000004,3.5900000000000043,1.4900000000000024,3.4,2.2,3.1,15.1,2.6,13.6,11.8,3.9
-89.25,29.0833333333333,123.128692626953,0.9752,0.3653,0.977,0.9683,0.9814,0.9505,0.9827,0.9076,0.9311,0.9933,656.0,290.0,256.0,16.0,22.0,23.0,7.0,7.0,2.4800000000000044,91.8,2.300000000000002,3.169999999999995,1.859999999999995,4.949999999999999,1.7299999999999982,9.240000000000004,6.889999999999996,0.6700000000000039,5.7,7.1,5.2,11.9,4.6,23.7,22.5,5.8
-92.0833333333333,29.25,,0.9776,0.7256,0.9775,0.9741,0.9776,0.936,0.9845,0.9231,0.9267,0.9963,635.0,360.0,264.0,13.0,22.0,39.0,6.0,8.0,2.2399999999999975,22.3,2.2499999999999964,2.5900000000000034,2.2399999999999975,6.399999999999995,1.5499999999999958,7.689999999999997,7.330000000000004,0.37000000000000366,5.8,5.4,5.1,17.1,4.6,19.5,24.4,5.0
-64.9166666666667,18.4166666666667,53.7970275878906,0.9974,0.4324,0.9956,0.9994,0.9992,0.9723,0.9564,0.9967,0.9984,0.9755,2822.0,1551.0,1672.0,35.0,26.0,200.0,281.0,9.0,0.26000000000000467,85.4,0.43999999999999595,0.060000000000004494,0.08000000000000229,2.7699999999999947,4.359999999999998,0.32999999999999696,0.16000000000000458,2.4499999999999966,0.2,0.0,0.0,1.6,2.6,0.6,1.3,4.4
-79.0833333333333,9.75,,0.955,0.4635,0.9696,0.9657,0.9675,0.8661,0.8879,0.943,0.9781,0.9645,1012.0,529.0,331.0,15.0,18.0,72.0,62.0,7.0,4.5000000000000036,81.7,3.0399999999999983,3.4299999999999997,3.2499999999999973,13.390000000000002,11.209999999999997,5.700000000000005,2.190000000000003,3.5499999999999976,4.0,3.0,4.1,13.3,8.1,12.8,8.7,5.8
-106.25,20.75,,0.927,0.5846,0.9424,0.9133,0.8964,0.9484,0.9719,0.85,0.924,0.9299,394.0,314.0,44.0,18.0,21.0,1.0,18.0,5.0,7.299999999999995,58.0,5.759999999999998,8.67,10.360000000000003,5.159999999999998,2.8100000000000014,15.000000000000002,7.599999999999996,7.010000000000005,7.3,6.5,15.1,9.7,5.3,67.5,14.6,8.6
-65.0833333333333,18.0833333333333,,0.992,0.4244,0.9929,0.9907,0.9898,0.9849,0.9773,0.991,0.9987,0.9682,2509.0,1126.0,1094.0,38.0,29.0,165.0,266.0,7.0,0.8000000000000007,86.2,0.7099999999999995,0.9299999999999975,1.0199999999999987,1.5100000000000002,2.2700000000000053,0.9000000000000008,0.12999999999999678,3.180000000000005,0.5,0.2,0.5,1.2,1.7,1.9,1.6,5.8
-157.916666666667,21.4166666666667,306.317535400391,0.9998,0.2101,0.9996,0.9999,0.9999,0.9998,0.9199,0.9999,0.9997,0.9816,2008.0,832.0,1085.0,45.0,19.0,181.0,226.0,9.0,0.019999999999997797,99.2,0.039999999999995595,0.009999999999998899,0.009999999999998899,0.019999999999997797,8.009999999999994,0.009999999999998899,0.029999999999996696,1.8399999999999972,1.2,0.9,0.5,0.6,7.0,1.1,2.6,4.4
-92.5833333333333,18.75,,0.9747,0.269,0.9841,0.9855,0.983,0.9531,0.9614,0.9717,0.9526,0.9882,1507.0,749.0,660.0,29.0,27.0,151.0,76.0,12.0,2.529999999999999,97.7,1.5900000000000025,1.4499999999999957,1.7000000000000015,4.690000000000005,3.8599999999999968,2.829999999999999,4.74,1.1800000000000033,2.3,1.2,1.7,3.1,2.2,3.0,7.8,3.1
-64.75,17.75,132.549896240234,0.9767,0.3621,0.9862,0.9835,0.9806,0.9645,0.9585,0.9639,0.9881,0.9527,1721.0,741.0,611.0,30.0,22.0,102.0,130.0,7.0,2.3299999999999987,92.0,1.3800000000000034,1.649999999999996,1.9399999999999973,3.5499999999999976,4.149999999999999,3.610000000000002,1.1900000000000022,4.73,1.8,1.3,1.9,2.7,4.6,8.2,5.5,5.8
-69.0833333333333,19.4166666666667,,0.9349,0.4191,0.9466,0.9458,0.9573,0.9193,0.9034,0.9489,0.9608,0.9369,1075.0,458.0,304.0,21.0,19.0,82.0,71.0,4.0,6.510000000000005,86.8,5.34,5.420000000000003,4.269999999999996,8.07,9.660000000000002,5.110000000000003,3.9200000000000013,6.310000000000004,3.8,3.9,4.5,7.2,7.0,11.2,8.1,12.1
-69.0833333333333,19.4166666666667,,0.9349,0.4191,0.9466,0.9458,0.9573,0.9193,0.9034,0.9489,0.9608,0.9369,1075.0,458.0,304.0,21.0,19.0,82.0,71.0,4.0,6.510000000000005,86.8,5.34,5.420000000000003,4.269999999999996,8.07,9.660000000000002,5.110000000000003,3.9200000000000013,6.310000000000004,3.8,3.9,4.5,7.2,7.0,11.2,8.1,12.1
-158.083333333333,21.25,37.6326103210449,0.9995,0.6259,0.9992,0.9992,0.9997,0.9998,0.9482,0.9998,0.9996,0.975,1962.0,797.0,1033.0,46.0,22.0,182.0,226.0,9.0,0.04999999999999449,47.6,0.08000000000000229,0.08000000000000229,0.029999999999996696,0.019999999999997797,5.179999999999996,0.019999999999997797,0.039999999999995595,2.500000000000002,1.3,1.0,0.6,0.6,4.6,1.1,2.6,4.4
-66.75,17.9166666666667,39.2373085021973,0.9992,0.3872,0.9986,0.9992,0.9988,0.9943,0.992,0.9963,0.9998,0.9787,2874.0,1483.0,1676.0,40.0,28.0,186.0,291.0,10.0,0.08000000000000229,89.9,0.13999999999999568,0.08000000000000229,0.11999999999999789,0.5700000000000038,0.8000000000000007,0.37000000000000366,0.019999999999997797,2.1299999999999986,0.2,0.0,0.0,0.9,1.9,0.9,1.1,3.9
-88.4166666666667,30.25,7.42126512527466,0.9904,0.4941,0.991,0.9944,0.9919,0.9562,0.9915,0.9688,0.9451,0.9972,928.0,608.0,590.0,16.0,26.0,104.0,15.0,8.0,0.9600000000000053,77.1,0.9000000000000008,0.5600000000000049,0.8099999999999996,4.3799999999999955,0.8499999999999952,3.1200000000000006,5.489999999999995,0.28000000000000247,4.4,2.2,2.0,11.9,2.6,7.9,15.7,5.0
-64.75,17.75,132.549896240234,0.9767,0.3621,0.9862,0.9835,0.9806,0.9645,0.9585,0.9639,0.9881,0.9527,1721.0,741.0,611.0,30.0,22.0,102.0,130.0,7.0,2.3299999999999987,92.0,1.3800000000000034,1.649999999999996,1.9399999999999973,3.5499999999999976,4.149999999999999,3.610000000000002,1.1900000000000022,4.73,1.8,1.3,1.9,2.7,4.6,8.2,5.5,5.8
-64.75,17.75,132.549896240234,0.9767,0.3621,0.9862,0.9835,0.9806,0.9645,0.9585,0.9639,0.9881,0.9527,1721.0,741.0,611.0,30.0,22.0,102.0,130.0,7.0,2.3299999999999987,92.0,1.3800000000000034,1.649999999999996,1.9399999999999973,3.5499999999999976,4.149999999999999,3.610000000000002,1.1900000000000022,4.73,1.8,1.3,1.9,2.7,4.6,8.2,5.5,5.8
-94.0833333333333,28.5833333333333,,0.9588,0.543,0.9731,0.9695,0.9693,0.865,0.9511,0.9513,0.956,0.9823,842.0,539.0,353.0,14.0,23.0,48.0,23.0,9.0,4.120000000000001,68.1,2.6900000000000035,3.049999999999997,3.069999999999995,13.5,4.890000000000006,4.8699999999999966,4.400000000000004,1.770000000000005,4.8,2.9,3.8,15.1,4.0,17.5,13.3,4.4
-80.0833333333333,25.75,22.440071105957,0.9997,0.3202,0.9992,0.9996,0.9999,0.9778,0.9945,0.9902,0.9994,0.9951,2542.0,1271.0,1677.0,23.0,29.0,163.0,257.0,13.0,0.029999999999996696,95.2,0.08000000000000229,0.039999999999995595,0.009999999999998899,2.2199999999999998,0.5499999999999949,0.9800000000000031,0.060000000000004494,0.49000000000000155,0.4,0.1,0.0,5.9,1.7,2.1,1.8,2.8
-80.0833333333333,26.0833333333333,108.797157287598,0.9998,0.1914,0.9993,0.9998,1.0,0.9834,0.9898,0.9876,0.9999,0.9935,2354.0,1228.0,1588.0,21.0,26.0,149.0,254.0,11.0,0.019999999999997797,99.4,0.07000000000000339,0.019999999999997797,0.0,1.6599999999999948,1.0199999999999987,1.2399999999999967,0.009999999999998899,0.649999999999995,0.7,0.1,0.1,7.2,2.6,3.1,1.9,3.5
-60.9166666666667,10.25,4.22697782516479,0.9678,0.5928,0.9843,0.9656,0.9712,0.9059,0.9647,0.957,0.9564,0.9903,971.0,435.0,330.0,14.0,16.0,93.0,19.0,9.0,3.2200000000000006,56.1,1.5700000000000047,3.4399999999999986,2.880000000000005,9.409999999999997,3.53,4.300000000000004,4.359999999999998,0.9700000000000042,4.2,4.2,4.1,15.1,10.3,9.5,14.3,4.4
-62.25,17.25,,0.9885,0.3887,0.9891,0.9956,0.9925,0.9475,0.9455,0.9814,0.9951,0.9688,2405.0,1215.0,1122.0,24.0,25.0,135.0,232.0,8.0,1.1499999999999955,89.7,1.090000000000002,0.43999999999999595,0.7499999999999951,5.249999999999999,5.449999999999999,1.859999999999995,0.49000000000000155,3.1200000000000006,0.6,0.1,0.5,5.3,3.0,4.4,2.4,5.0
-93.0833333333333,29.5833333333333,,0.9852,0.4361,0.9826,0.982,0.9847,0.9552,0.9935,0.9538,0.9399,0.9976,853.0,487.0,429.0,15.0,25.0,67.0,10.0,10.0,1.4800000000000035,85.0,1.739999999999997,1.8000000000000016,1.529999999999998,4.479999999999995,0.649999999999995,4.620000000000002,6.010000000000004,0.23999999999999577,4.7,3.5,3.1,13.3,3.0,13.7,18.8,3.9
-80.0833333333333,26.0833333333333,108.797157287598,0.9998,0.1914,0.9993,0.9998,1.0,0.9834,0.9898,0.9876,0.9999,0.9935,2354.0,1228.0,1588.0,21.0,26.0,149.0,254.0,11.0,0.019999999999997797,99.4,0.07000000000000339,0.019999999999997797,0.0,1.6599999999999948,1.0199999999999987,1.2399999999999967,0.009999999999998899,0.649999999999995,0.7,0.1,0.1,7.2,2.6,3.1,1.9,3.5
-157.916666666667,21.25,42.4367752075195,0.9999,0.4924,0.9999,1.0,0.9999,0.9992,0.9168,0.9997,0.9986,0.9738,1892.0,790.0,995.0,42.0,20.0,179.0,220.0,9.0,0.009999999999998899,77.4,0.009999999999998899,0.0,0.009999999999998899,0.08000000000000229,8.320000000000006,0.029999999999996696,0.13999999999999568,2.62,1.4,1.0,0.7,0.8,6.1,1.2,2.8,4.4
-89.9166666666667,28.9166666666667,,0.977,0.5956,0.9883,0.9821,0.9839,0.9438,0.9829,0.9512,0.9557,0.9877,1164.0,606.0,436.0,14.0,27.0,78.0,22.0,10.0,2.300000000000002,55.4,1.1700000000000044,1.7900000000000027,1.6100000000000003,5.620000000000003,1.7100000000000004,4.8799999999999955,4.430000000000001,1.2299999999999978,3.4,2.2,3.0,15.1,2.2,11.8,13.5,3.9
-63.0833333333333,17.5833333333333,,0.9937,0.3947,0.9943,0.9979,0.9957,0.9681,0.9513,0.988,0.9978,0.9685,2573.0,1380.0,1314.0,26.0,24.0,166.0,280.0,8.0,0.6299999999999972,89.2,0.5700000000000038,0.20999999999999908,0.42999999999999705,3.190000000000004,4.8699999999999966,1.200000000000001,0.21999999999999797,3.1499999999999972,0.4,0.0,0.2,4.3,3.4,1.9,1.3,5.0
-91.5833333333333,29.5833333333333,89.653434753418,0.9684,0.5053,0.9682,0.9483,0.9611,0.9445,0.9687,0.8639,0.6315,0.9943,335.0,144.0,73.0,9.0,12.0,7.0,0.0,6.0,3.159999999999996,75.2,3.180000000000005,5.169999999999996,3.8900000000000046,5.549999999999999,3.1299999999999994,13.61,36.85000000000001,0.5700000000000038,7.9,17.4,11.5,27.0,15.4,35.9,100.0,6.7
-67.25,18.0833333333333,41.6502532958984,0.9998,0.444,0.999,0.9999,0.9999,0.9818,0.9871,0.997,0.9999,0.9879,3097.0,1797.0,1978.0,40.0,30.0,202.0,290.0,12.0,0.019999999999997797,84.1,0.10000000000000009,0.009999999999998899,0.009999999999998899,1.8199999999999994,1.2900000000000023,0.30000000000000027,0.009999999999998899,1.21,0.0,0.0,0.0,0.9,1.4,0.5,1.1,3.1
-82.75,27.5833333333333,14.4677181243896,0.9995,0.4011,0.9982,0.9995,0.9998,0.9738,0.9975,0.9777,0.9824,0.9998,1491.0,922.0,1306.0,22.0,30.0,148.0,63.0,12.0,0.04999999999999449,88.6,0.18000000000000238,0.04999999999999449,0.019999999999997797,2.62,0.24999999999999467,2.2299999999999986,1.759999999999995,0.019999999999997797,2.3,0.6,0.3,6.5,1.4,3.2,8.6,3.1
-168.25,-14.5833333333333,,0.8313,0.5852,0.8792,0.7028,0.8031,0.9242,0.6455,0.8829,0.891,0.6943,239.0,64.0,26.0,24.0,4.0,11.0,13.0,2.0,16.869999999999997,57.8,12.080000000000002,29.720000000000002,19.689999999999998,7.579999999999998,35.45,11.709999999999997,10.899999999999999,30.569999999999997,9.5,40.0,19.7,5.3,43.5,30.7,16.6,28.6
-66.0833333333333,18.4166666666667,226.599594116211,0.9982,0.3491,0.9967,0.9963,0.9976,0.9861,0.9937,0.993,0.9995,0.9877,2676.0,1183.0,1486.0,29.0,28.0,172.0,266.0,12.0,0.18000000000000238,93.1,0.32999999999999696,0.37000000000000366,0.23999999999999577,1.3900000000000023,0.6299999999999972,0.7000000000000006,0.04999999999999449,1.2299999999999978,0.3,0.2,0.1,3.1,1.9,1.5,1.6,3.1
-80.25,25.25,34.1890182495117,0.9999,0.2853,0.9998,0.9999,0.9999,0.9756,0.9976,0.9909,0.9998,0.9993,2592.0,1268.0,1715.0,24.0,30.0,171.0,252.0,14.0,0.009999999999998899,97.0,0.019999999999997797,0.009999999999998899,0.009999999999998899,2.4399999999999977,0.23999999999999577,0.9099999999999997,0.019999999999997797,0.07000000000000339,0.4,0.1,0.0,5.3,1.4,1.6,1.9,2.5
-89.25,28.75,,0.983,0.2729,0.9935,0.9808,0.9888,0.953,0.9893,0.9454,0.9669,0.9901,1421.0,617.0,593.0,17.0,27.0,77.0,38.0,12.0,1.7000000000000015,97.6,0.649999999999995,1.9199999999999995,1.1199999999999988,4.700000000000005,1.0700000000000043,5.459999999999998,3.310000000000002,0.990000000000002,2.5,2.1,2.0,10.8,2.2,12.0,10.8,3.1
-82.9166666666667,23.4166666666667,,0.9327,0.5037,0.9439,0.9478,0.96,0.841,0.9273,0.8929,0.9559,0.9279,677.0,427.0,234.0,12.0,15.0,12.0,47.0,5.0,6.730000000000002,75.5,5.610000000000004,5.220000000000002,4.0000000000000036,15.900000000000002,7.269999999999999,10.709999999999997,4.410000000000003,7.210000000000005,5.6,4.3,5.6,19.3,11.5,29.8,9.9,8.6
-157.916666666667,21.4166666666667,306.317535400391,0.9998,0.2101,0.9996,0.9999,0.9999,0.9998,0.9199,0.9999,0.9997,0.9816,2008.0,832.0,1085.0,45.0,19.0,181.0,226.0,9.0,0.019999999999997797,99.2,0.039999999999995595,0.009999999999998899,0.009999999999998899,0.019999999999997797,8.009999999999994,0.009999999999998899,0.029999999999996696,1.8399999999999972,1.2,0.9,0.5,0.6,7.0,1.1,2.6,4.4
-66.0833333333333,18.4166666666667,226.599594116211,0.9982,0.3491,0.9967,0.9963,0.9976,0.9861,0.9937,0.993,0.9995,0.9877,2676.0,1183.0,1486.0,29.0,28.0,172.0,266.0,12.0,0.18000000000000238,93.1,0.32999999999999696,0.37000000000000366,0.23999999999999577,1.3900000000000023,0.6299999999999972,0.7000000000000006,0.04999999999999449,1.2299999999999978,0.3,0.2,0.1,3.1,1.9,1.5,1.6,3.1
-90.4166666666667,29.25,32.9809417724609,0.9784,0.5367,0.9782,0.9692,0.9742,0.9526,0.9763,0.9149,0.8696,0.9975,527.0,266.0,179.0,12.0,18.0,33.0,3.0,7.0,2.1599999999999953,69.4,2.180000000000004,3.080000000000005,2.5800000000000045,4.74,2.3700000000000054,8.509999999999994,13.039999999999996,0.24999999999999467,6.4,8.0,6.8,19.3,8.1,20.8,34.2,5.8
-89.9166666666667,29.25,7.49566841125488,0.9784,0.6618,0.9771,0.9749,0.9801,0.9558,0.9831,0.9407,0.9138,0.9958,728.0,353.0,309.0,13.0,22.0,57.0,8.0,7.0,2.1599999999999953,37.9,2.290000000000003,2.510000000000001,1.9900000000000029,4.420000000000002,1.6900000000000026,5.9300000000000015,8.620000000000005,0.41999999999999815,5.3,5.6,4.4,17.1,4.6,15.6,21.0,5.8
-90.25,29.0833333333333,48.0502243041992,0.9846,0.5985,0.9833,0.9834,0.9873,0.9636,0.9901,0.9483,0.9393,0.9967,941.0,490.0,450.0,14.0,25.0,84.0,14.0,10.0,1.539999999999997,54.7,1.6700000000000048,1.6599999999999948,1.2700000000000045,3.639999999999999,0.990000000000002,5.169999999999996,6.069999999999998,0.32999999999999696,4.3,3.5,2.9,15.1,3.0,10.9,16.1,3.9
-170.583333333333,-12.75,,0.3772,0.6095,0.4874,0.1051,0.4986,0.6078,0.2202,0.6737,0.5996,0.6097,30.0,5.0,0.0,5.0,1.0,1.0,0.0,1.0,62.28,51.9,51.25999999999999,89.49000000000001,50.14000000000001,39.22,77.98,32.63,40.04,39.03,45.8,95.8,100.0,42.5,77.8,67.5,100.0,57.7
-66.0833333333333,18.4166666666667,226.599594116211,0.9982,0.3491,0.9967,0.9963,0.9976,0.9861,0.9937,0.993,0.9995,0.9877,2676.0,1183.0,1486.0,29.0,28.0,172.0,266.0,12.0,0.18000000000000238,93.1,0.32999999999999696,0.37000000000000366,0.23999999999999577,1.3900000000000023,0.6299999999999972,0.7000000000000006,0.04999999999999449,1.2299999999999978,0.3,0.2,0.1,3.1,1.9,1.5,1.6,3.1
-88.9166666666667,29.25,,0.9863,0.6211,0.9935,0.9828,0.9917,0.9483,0.9924,0.9474,0.9483,0.9947,1086.0,510.0,537.0,14.0,26.0,80.0,13.0,11.0,1.3700000000000045,48.8,0.649999999999995,1.7199999999999993,0.8299999999999974,5.169999999999996,0.7600000000000051,5.259999999999998,5.169999999999996,0.5299999999999971,3.7,3.2,2.3,15.1,2.6,11.5,16.6,3.5
-66.0833333333333,18.4166666666667,226.599594116211,0.9982,0.3491,0.9967,0.9963,0.9976,0.9861,0.9937,0.993,0.9995,0.9877,2676.0,1183.0,1486.0,29.0,28.0,172.0,266.0,12.0,0.18000000000000238,93.1,0.32999999999999696,0.37000000000000366,0.23999999999999577,1.3900000000000023,0.6299999999999972,0.7000000000000006,0.04999999999999449,1.2299999999999978,0.3,0.2,0.1,3.1,1.9,1.5,1.6,3.1
-71.75,25.75,,0.5201,0.5966,0.811,0.6439,0.6538,0.4225,0.2938,0.6699,0.3051,0.7609,103.0,78.0,3.0,1.0,1.0,1.0,0.0,2.0,47.99,55.2,18.899999999999995,35.61,34.62,57.75,70.61999999999999,33.01,69.49000000000001,23.909999999999997,19.3,33.4,48.8,82.3,77.8,67.5,100.0,28.6
-88.9166666666667,28.9166666666667,,0.9811,0.5036,0.9897,0.9785,0.9885,0.9639,0.9924,0.9552,0.9732,0.9832,1459.0,691.0,689.0,23.0,31.0,96.0,51.0,11.0,1.8900000000000028,75.5,1.0299999999999976,2.1499999999999964,1.1499999999999955,3.610000000000002,0.7600000000000051,4.479999999999995,2.6800000000000046,1.6800000000000037,2.4,1.5,1.6,5.9,1.2,9.1,9.5,3.5
-82.75,27.5833333333333,14.4677181243896,0.9995,0.4011,0.9982,0.9995,0.9998,0.9738,0.9975,0.9777,0.9824,0.9998,1491.0,922.0,1306.0,22.0,30.0,148.0,63.0,12.0,0.04999999999999449,88.6,0.18000000000000238,0.04999999999999449,0.019999999999997797,2.62,0.24999999999999467,2.2299999999999986,1.759999999999995,0.019999999999997797,2.3,0.6,0.3,6.5,1.4,3.2,8.6,3.1
-65.5833333333333,18.25,62.0078315734863,0.9998,0.5216,0.9988,0.999,0.9996,0.9845,0.9989,0.9976,0.9998,0.9973,2979.0,1420.0,1874.0,37.0,33.0,200.0,278.0,13.0,0.019999999999997797,72.3,0.11999999999999789,0.10000000000000009,0.039999999999995595,1.5499999999999958,0.10999999999999899,0.23999999999999577,0.019999999999997797,0.27000000000000357,0.1,0.0,0.0,1.3,0.9,0.6,1.4,2.8
-91.0833333333333,28.4166666666667,,0.9695,0.5078,0.9815,0.9794,0.9758,0.9044,0.9647,0.924,0.9741,0.982,1133.0,589.0,397.0,14.0,26.0,38.0,44.0,10.0,3.049999999999997,74.8,1.849999999999996,2.059999999999995,2.42,9.560000000000002,3.53,7.599999999999996,2.5900000000000034,1.8000000000000016,3.5,2.4,3.4,15.1,2.6,19.7,10.2,3.9
-89.9166666666667,29.25,7.49566841125488,0.9784,0.6618,0.9771,0.9749,0.9801,0.9558,0.9831,0.9407,0.9138,0.9958,728.0,353.0,309.0,13.0,22.0,57.0,8.0,7.0,2.1599999999999953,37.9,2.290000000000003,2.510000000000001,1.9900000000000029,4.420000000000002,1.6900000000000026,5.9300000000000015,8.620000000000005,0.41999999999999815,5.3,5.6,4.4,17.1,4.6,15.6,21.0,5.8
-90.9166666666667,28.75,,0.9838,0.6966,0.9827,0.9846,0.9858,0.9472,0.9916,0.9512,0.9614,0.9951,1218.0,631.0,552.0,16.0,27.0,89.0,39.0,10.0,1.6199999999999992,28.7,1.7299999999999982,1.539999999999997,1.419999999999999,5.279999999999996,0.8399999999999963,4.8799999999999955,3.8599999999999968,0.49000000000000155,3.2,2.0,2.2,11.9,2.2,10.1,10.7,3.9
-43.0833333333333,-22.75,141.81608581543,0.9966,0.2374,0.9902,0.9875,0.9872,0.9933,0.9996,0.972,0.9747,0.9983,792.0,365.0,453.0,41.0,32.0,102.0,17.0,9.0,0.33999999999999586,98.7,0.9800000000000031,1.2499999999999956,1.2800000000000034,0.6700000000000039,0.039999999999995595,2.8000000000000025,2.529999999999999,0.17000000000000348,5.0,5.3,2.9,0.8,1.1,8.2,14.9,4.4
-90.4166666666667,29.0833333333333,1.50156950950623,0.9834,0.6149,0.9806,0.9816,0.9844,0.9614,0.9869,0.9401,0.9324,0.9974,810.0,435.0,373.0,15.0,23.0,60.0,12.0,8.0,1.6599999999999948,50.5,1.9399999999999973,1.8399999999999972,1.5599999999999947,3.8599999999999968,1.31,5.989999999999995,6.76,0.26000000000000467,4.9,4.2,3.6,13.3,4.0,15.0,17.2,5.0
-89.5833333333333,-0.916666666666657,123.69548034668,0.9975,0.8059,0.9972,0.9774,0.9868,0.9992,0.9232,0.9533,0.9965,0.999,1410.0,648.0,459.0,44.0,20.0,66.0,197.0,6.0,0.24999999999999467,12.3,0.28000000000000247,2.2599999999999953,1.319999999999999,0.08000000000000229,7.679999999999998,4.669999999999996,0.34999999999999476,0.10000000000000009,2.6,1.8,2.9,0.6,6.1,13.9,3.4,6.7
-90.25,28.9166666666667,,0.9819,0.6704,0.986,0.9838,0.987,0.9497,0.9882,0.952,0.9561,0.9927,1203.0,606.0,499.0,13.0,26.0,90.0,22.0,10.0,1.8100000000000005,35.5,1.4000000000000012,1.6199999999999992,1.3000000000000012,5.030000000000001,1.1800000000000033,4.800000000000004,4.390000000000005,0.7299999999999973,3.3,2.2,2.6,17.1,2.6,10.0,13.5,3.9
-90.25,29.0833333333333,48.0502243041992,0.9846,0.5985,0.9833,0.9834,0.9873,0.9636,0.9901,0.9483,0.9393,0.9967,941.0,490.0,450.0,14.0,25.0,84.0,14.0,10.0,1.539999999999997,54.7,1.6700000000000048,1.6599999999999948,1.2700000000000045,3.639999999999999,0.990000000000002,5.169999999999996,6.069999999999998,0.32999999999999696,4.3,3.5,2.9,15.1,3.0,10.9,16.1,3.9
-90.5833333333333,29.0833333333333,0.750784754753113,0.9835,0.6503,0.9809,0.9812,0.9835,0.9597,0.9879,0.9418,0.9317,0.9976,800.0,412.0,374.0,15.0,22.0,63.0,12.0,8.0,1.649999999999996,41.1,1.9100000000000006,1.880000000000004,1.649999999999996,4.03,1.21,5.820000000000003,6.830000000000003,0.23999999999999577,5.0,4.6,3.6,13.3,4.6,14.5,17.2,5.0
-89.5833333333333,29.25,0.749566853046417,0.9742,0.6483,0.9756,0.9697,0.979,0.954,0.9826,0.9239,0.9258,0.9936,670.0,319.0,271.0,12.0,21.0,34.0,6.0,7.0,2.5800000000000045,41.7,2.4399999999999977,3.0299999999999994,2.100000000000002,4.600000000000004,1.739999999999997,7.609999999999994,7.420000000000004,0.6399999999999961,5.6,6.3,5.0,19.3,5.3,20.6,24.4,5.8
-87.0833333333333,30.4166666666667,59.2691535949707,0.9962,0.1385,0.9985,0.989,0.9973,0.9585,0.9975,0.9684,0.9634,0.9996,1125.0,589.0,797.0,20.0,31.0,91.0,23.0,12.0,0.38000000000000256,99.8,0.14999999999999458,1.100000000000001,0.27000000000000357,4.149999999999999,0.24999999999999467,3.159999999999996,3.6599999999999966,0.039999999999995595,3.6,2.4,1.2,7.9,1.2,9.8,13.3,3.1
-80.0833333333333,26.0833333333333,108.797157287598,0.9998,0.1914,0.9993,0.9998,1.0,0.9834,0.9898,0.9876,0.9999,0.9935,2354.0,1228.0,1588.0,21.0,26.0,149.0,254.0,11.0,0.019999999999997797,99.4,0.07000000000000339,0.019999999999997797,0.0,1.6599999999999948,1.0199999999999987,1.2399999999999967,0.009999999999998899,0.649999999999995,0.7,0.1,0.1,7.2,2.6,3.1,1.9,3.5
-83.25,27.5833333333333,,0.9929,0.7237,0.9854,0.998,0.9979,0.9067,0.9754,0.9554,0.9909,0.9813,1298.0,989.0,1058.0,16.0,26.0,91.0,111.0,10.0,0.7099999999999995,22.7,1.4599999999999946,0.20000000000000018,0.20999999999999908,9.330000000000005,2.4599999999999955,4.459999999999997,0.9099999999999997,1.870000000000005,2.9,0.4,0.6,11.9,2.6,9.8,6.2,3.9
-89.25,29.0833333333333,123.128692626953,0.9752,0.3653,0.977,0.9683,0.9814,0.9505,0.9827,0.9076,0.9311,0.9933,656.0,290.0,256.0,16.0,22.0,23.0,7.0,7.0,2.4800000000000044,91.8,2.300000000000002,3.169999999999995,1.859999999999995,4.949999999999999,1.7299999999999982,9.240000000000004,6.889999999999996,0.6700000000000039,5.7,7.1,5.2,11.9,4.6,23.7,22.5,5.8
-90.4166666666667,29.25,32.9809417724609,0.9784,0.5367,0.9782,0.9692,0.9742,0.9526,0.9763,0.9149,0.8696,0.9975,527.0,266.0,179.0,12.0,18.0,33.0,3.0,7.0,2.1599999999999953,69.4,2.180000000000004,3.080000000000005,2.5800000000000045,4.74,2.3700000000000054,8.509999999999994,13.039999999999996,0.24999999999999467,6.4,8.0,6.8,19.3,8.1,20.8,34.2,5.8
-89.9166666666667,29.25,7.49566841125488,0.9784,0.6618,0.9771,0.9749,0.9801,0.9558,0.9831,0.9407,0.9138,0.9958,728.0,353.0,309.0,13.0,22.0,57.0,8.0,7.0,2.1599999999999953,37.9,2.290000000000003,2.510000000000001,1.9900000000000029,4.420000000000002,1.6900000000000026,5.9300000000000015,8.620000000000005,0.41999999999999815,5.3,5.6,4.4,17.1,4.6,15.6,21.0,5.8
-89.25,29.0833333333333,123.128692626953,0.9752,0.3653,0.977,0.9683,0.9814,0.9505,0.9827,0.9076,0.9311,0.9933,656.0,290.0,256.0,16.0,22.0,23.0,7.0,7.0,2.4800000000000044,91.8,2.300000000000002,3.169999999999995,1.859999999999995,4.949999999999999,1.7299999999999982,9.240000000000004,6.889999999999996,0.6700000000000039,5.7,7.1,5.2,11.9,4.6,23.7,22.5,5.8
-89.0833333333333,29.25,38.9774742126465,0.9831,0.6643,0.9871,0.9781,0.9889,0.9478,0.9899,0.9277,0.9205,0.9959,718.0,343.0,350.0,14.0,24.0,47.0,6.0,8.0,1.6900000000000026,37.2,1.2900000000000023,2.190000000000003,1.1099999999999999,5.220000000000002,1.0099999999999998,7.230000000000003,7.950000000000001,0.40999999999999925,5.4,5.8,3.9,15.1,3.4,17.7,24.4,5.0
-48.4166666666667,-25.4166666666667,102.425903320312,0.996,0.5186,0.9818,0.9879,0.9907,0.9976,0.9993,0.9886,0.9593,0.9965,807.0,519.0,584.0,51.0,40.0,159.0,19.0,9.0,0.40000000000000036,72.8,1.8199999999999994,1.21,0.9299999999999975,0.23999999999999577,0.07000000000000339,1.1399999999999966,4.069999999999996,0.34999999999999476,4.9,3.1,2.0,0.4,0.2,2.3,14.3,4.4
-80.75,24.5833333333333,,0.998,0.4915,0.9979,0.9973,0.9988,0.967,0.9774,0.965,0.9989,0.9906,1874.0,983.0,1129.0,18.0,18.0,103.0,223.0,11.0,0.20000000000000018,77.5,0.20999999999999908,0.27000000000000357,0.11999999999999789,3.300000000000003,2.2599999999999953,3.500000000000003,0.10999999999999899,0.9399999999999964,1.4,0.4,0.5,9.7,8.1,8.1,2.7,3.5
-66.75,17.9166666666667,39.2373085021973,0.9992,0.3872,0.9986,0.9992,0.9988,0.9943,0.992,0.9963,0.9998,0.9787,2874.0,1483.0,1676.0,40.0,28.0,186.0,291.0,10.0,0.08000000000000229,89.9,0.13999999999999568,0.08000000000000229,0.11999999999999789,0.5700000000000038,0.8000000000000007,0.37000000000000366,0.019999999999997797,2.1299999999999986,0.2,0.0,0.0,0.9,1.9,0.9,1.1,3.9
-89.9166666666667,29.25,7.49566841125488,0.9784,0.6618,0.9771,0.9749,0.9801,0.9558,0.9831,0.9407,0.9138,0.9958,728.0,353.0,309.0,13.0,22.0,57.0,8.0,7.0,2.1599999999999953,37.9,2.290000000000003,2.510000000000001,1.9900000000000029,4.420000000000002,1.6900000000000026,5.9300000000000015,8.620000000000005,0.41999999999999815,5.3,5.6,4.4,17.1,4.6,15.6,21.0,5.8
-89.4166666666667,29.25,122.92896270752,0.9746,0.4071,0.9775,0.9678,0.9792,0.9466,0.9813,0.9125,0.9145,0.9943,602.0,273.0,224.0,12.0,21.0,27.0,5.0,7.0,2.539999999999998,88.0,2.2499999999999964,3.2200000000000006,2.080000000000004,5.34,1.870000000000005,8.750000000000002,8.550000000000002,0.5700000000000038,5.9,7.7,5.8,19.3,5.3,22.5,26.8,5.8
-82.9166666666667,28.0833333333333,,0.9958,0.6062,0.9894,0.9977,0.9989,0.9501,0.9941,0.9677,0.9716,0.997,1218.0,793.0,1048.0,16.0,27.0,116.0,31.0,11.0,0.41999999999999815,52.7,1.0600000000000054,0.22999999999999687,0.10999999999999899,4.9900000000000055,0.5900000000000016,3.2299999999999995,2.839999999999998,0.30000000000000027,3.2,1.0,0.6,11.9,2.2,6.5,11.8,3.5
-89.0833333333333,29.4166666666667,,0.9854,0.7239,0.9892,0.9831,0.9883,0.9496,0.9916,0.9444,0.9399,0.9962,887.0,458.0,454.0,14.0,25.0,67.0,14.0,10.0,1.4599999999999946,22.6,1.0800000000000032,1.6900000000000026,1.1700000000000044,5.04,0.8399999999999963,5.559999999999999,6.010000000000004,0.38000000000000256,4.6,3.9,2.9,15.1,3.0,13.7,16.1,3.9
-82.5833333333333,27.5833333333333,146.961547851562,0.9994,0.165,0.9987,0.9996,0.9997,0.9623,0.9978,0.9797,0.9808,0.9997,1368.0,869.0,1246.0,22.0,29.0,145.0,42.0,13.0,0.060000000000004494,99.6,0.12999999999999678,0.039999999999995595,0.029999999999996696,3.7699999999999956,0.21999999999999797,2.0299999999999985,1.9199999999999995,0.029999999999996696,2.7,0.7,0.3,6.5,1.7,3.4,10.4,2.8
-64.4166666666667,18.4166666666667,21.1927680969238,0.999,0.4032,0.9984,0.9992,0.9993,0.9888,0.9835,0.997,0.9998,0.9759,2821.0,1577.0,1737.0,40.0,27.0,186.0,292.0,8.0,0.10000000000000009,88.4,0.16000000000000458,0.08000000000000229,0.07000000000000339,1.1199999999999988,1.649999999999996,0.30000000000000027,0.019999999999997797,2.410000000000001,0.2,0.0,0.0,0.9,2.2,0.9,1.1,5.0
-89.25,29.25,185.892578125,0.9796,0.5785,0.9817,0.9724,0.9822,0.9459,0.9851,0.9166,0.898,0.9964,621.0,284.0,240.0,13.0,21.0,31.0,4.0,8.0,2.0399999999999974,59.3,1.8299999999999983,2.759999999999996,1.7800000000000038,5.410000000000004,1.4900000000000024,8.340000000000003,10.199999999999998,0.36000000000000476,5.8,7.3,5.5,17.1,5.3,21.4,29.9,5.0
-88.9166666666667,29.75,,0.9866,0.7133,0.987,0.9901,0.989,0.9493,0.99,0.9577,0.9418,0.9965,887.0,562.0,504.0,15.0,24.0,89.0,10.0,8.0,1.3399999999999967,24.7,1.3000000000000012,0.990000000000002,1.100000000000001,5.069999999999997,1.0000000000000009,4.23,5.820000000000003,0.34999999999999476,4.6,2.6,2.5,13.3,3.4,10.1,18.8,5.0
-80.75,-3.58333333333333,,0.9739,0.371,0.9883,0.9564,0.971,0.9937,0.8929,0.9399,0.9486,0.9604,840.0,314.0,179.0,27.0,15.0,80.0,65.0,6.0,2.610000000000001,91.3,1.1700000000000044,4.359999999999998,2.9000000000000026,0.6299999999999972,10.709999999999997,6.010000000000004,5.140000000000001,3.959999999999997,4.8,6.5,6.8,3.8,11.5,11.5,8.5,6.7
-90.0833333333333,30.0833333333333,55.0102920532227,0.9744,0.3547,0.975,0.9674,0.981,0.9625,0.9763,0.9702,0.9133,0.9946,558.0,321.0,244.0,13.0,19.0,88.0,10.0,8.0,2.5599999999999956,92.7,2.500000000000002,3.2599999999999962,1.9000000000000017,3.749999999999998,2.3700000000000054,2.980000000000005,8.67,0.539999999999996,6.2,6.3,5.4,17.1,7.0,10.3,18.8,5.0
-89.4166666666667,29.75,97.7096328735352,0.9837,0.758,0.9833,0.982,0.9838,0.9442,0.9804,0.9481,0.922,0.9979,716.0,370.0,307.0,12.0,20.0,58.0,7.0,7.0,1.6299999999999981,17.4,1.6700000000000048,1.8000000000000016,1.6199999999999992,5.5799999999999965,1.959999999999995,5.189999999999994,7.799999999999995,0.20999999999999908,5.4,5.2,4.4,19.3,6.1,15.4,22.5,5.8
-66.0833333333333,18.4166666666667,226.599594116211,0.9982,0.3491,0.9967,0.9963,0.9976,0.9861,0.9937,0.993,0.9995,0.9877,2676.0,1183.0,1486.0,29.0,28.0,172.0,266.0,12.0,0.18000000000000238,93.1,0.32999999999999696,0.37000000000000366,0.23999999999999577,1.3900000000000023,0.6299999999999972,0.7000000000000006,0.04999999999999449,1.2299999999999978,0.3,0.2,0.1,3.1,1.9,1.5,1.6,3.1
-90.0833333333333,29.5833333333333,182.295318603516,0.9736,0.3207,0.9739,0.965,0.9702,0.9576,0.9746,0.9229,0.8816,0.9957,519.0,230.0,164.0,11.0,17.0,35.0,1.0,8.0,2.639999999999998,95.1,2.610000000000001,3.500000000000003,2.980000000000005,4.239999999999999,2.539999999999998,7.709999999999995,11.839999999999995,0.42999999999999705,6.4,9.7,7.2,21.4,9.2,20.4,56.6,5.0
-88.5833333333333,28.25,,0.9396,0.51,0.9513,0.9598,0.9493,0.8924,0.9669,0.8516,0.9495,0.9431,547.0,396.0,172.0,10.0,24.0,2.0,30.0,5.0,6.040000000000001,74.4,4.8699999999999966,4.020000000000001,5.069999999999997,10.760000000000003,3.310000000000002,14.839999999999998,5.049999999999999,5.689999999999995,6.3,4.8,7.0,24.0,3.4,55.0,11.9,8.6
-82.5833333333333,27.5833333333333,146.961547851562,0.9994,0.165,0.9987,0.9996,0.9997,0.9623,0.9978,0.9797,0.9808,0.9997,1368.0,869.0,1246.0,22.0,29.0,145.0,42.0,13.0,0.060000000000004494,99.6,0.12999999999999678,0.039999999999995595,0.029999999999996696,3.7699999999999956,0.21999999999999797,2.0299999999999985,1.9199999999999995,0.029999999999996696,2.7,0.7,0.3,6.5,1.7,3.4,10.4,2.8
-69.75,20.5833333333333,,0.9853,0.6442,0.9786,0.9932,0.9932,0.9535,0.9642,0.9886,0.9923,0.9667,2146.0,1260.0,1127.0,33.0,26.0,144.0,249.0,8.0,1.4700000000000046,42.8,2.1399999999999975,0.6800000000000028,0.6800000000000028,4.649999999999999,3.5800000000000054,1.1399999999999966,0.770000000000004,3.3299999999999996,0.9,0.1,0.5,2.0,2.6,3.5,2.0,5.0
-82.4166666666667,27.9166666666667,226.221237182617,0.9989,0.1369,0.9982,0.9983,0.9992,0.9657,0.9973,0.9832,0.9566,1.0,1245.0,707.0,1045.0,20.0,30.0,139.0,25.0,13.0,0.10999999999999899,99.8,0.18000000000000238,0.17000000000000348,0.08000000000000229,3.4299999999999997,0.27000000000000357,1.6800000000000037,4.34,0.0,3.1,1.4,0.6,7.9,1.4,4.0,12.9,2.8
-90.9166666666667,28.75,,0.9838,0.6966,0.9827,0.9846,0.9858,0.9472,0.9916,0.9512,0.9614,0.9951,1218.0,631.0,552.0,16.0,27.0,89.0,39.0,10.0,1.6199999999999992,28.7,1.7299999999999982,1.539999999999997,1.419999999999999,5.279999999999996,0.8399999999999963,4.8799999999999955,3.8599999999999968,0.49000000000000155,3.2,2.0,2.2,11.9,2.2,10.1,10.7,3.9
-157.083333333333,21.0833333333333,132.263366699219,0.9985,0.748,0.9984,0.9993,0.9992,0.999,0.914,0.9995,0.9983,0.9769,1811.0,780.0,935.0,38.0,19.0,174.0,208.0,9.0,0.14999999999999458,18.8,0.16000000000000458,0.07000000000000339,0.08000000000000229,0.10000000000000009,8.599999999999996,0.04999999999999449,0.17000000000000348,2.310000000000001,1.6,1.1,0.8,1.2,7.0,1.4,3.1,4.4
-90.25,29.0833333333333,48.0502243041992,0.9846,0.5985,0.9833,0.9834,0.9873,0.9636,0.9901,0.9483,0.9393,0.9967,941.0,490.0,450.0,14.0,25.0,84.0,14.0,10.0,1.539999999999997,54.7,1.6700000000000048,1.6599999999999948,1.2700000000000045,3.639999999999999,0.990000000000002,5.169999999999996,6.069999999999998,0.32999999999999696,4.3,3.5,2.9,15.1,3.0,10.9,16.1,3.9
-66.0833333333333,18.4166666666667,226.599594116211,0.9982,0.3491,0.9967,0.9963,0.9976,0.9861,0.9937,0.993,0.9995,0.9877,2676.0,1183.0,1486.0,29.0,28.0,172.0,266.0,12.0,0.18000000000000238,93.1,0.32999999999999696,0.37000000000000366,0.23999999999999577,1.3900000000000023,0.6299999999999972,0.7000000000000006,0.04999999999999449,1.2299999999999978,0.3,0.2,0.1,3.1,1.9,1.5,1.6,3.1
-80.25,25.75,226.722091674805,1.0,0.2371,0.9998,1.0,1.0,0.9859,0.9989,0.9929,0.9962,0.9999,2464.0,1213.0,1826.0,31.0,32.0,191.0,235.0,15.0,0.0,98.7,0.019999999999997797,0.0,0.0,1.4100000000000001,0.10999999999999899,0.7099999999999995,0.38000000000000256,0.009999999999998899,0.5,0.1,0.0,2.4,1.1,0.8,2.4,2.2
-88.9166666666667,29.4166666666667,,0.9888,0.696,0.9942,0.9857,0.9919,0.9532,0.9927,0.9527,0.9591,0.9956,1213.0,590.0,612.0,13.0,27.0,92.0,25.0,11.0,1.1199999999999988,28.9,0.5800000000000027,1.429999999999998,0.8099999999999996,4.679999999999995,0.7299999999999973,4.73,4.090000000000005,0.43999999999999595,3.2,2.4,1.9,17.1,2.2,9.7,12.9,3.5
-89.25,29.25,185.892578125,0.9796,0.5785,0.9817,0.9724,0.9822,0.9459,0.9851,0.9166,0.898,0.9964,621.0,284.0,240.0,13.0,21.0,31.0,4.0,8.0,2.0399999999999974,59.3,1.8299999999999983,2.759999999999996,1.7800000000000038,5.410000000000004,1.4900000000000024,8.340000000000003,10.199999999999998,0.36000000000000476,5.8,7.3,5.5,17.1,5.3,21.4,29.9,5.0
-88.4166666666667,28.75,,0.9631,0.5112,0.9688,0.9709,0.9704,0.9341,0.983,0.9054,0.9721,0.9636,892.0,538.0,369.0,19.0,27.0,23.0,65.0,7.0,3.6900000000000044,74.2,3.1200000000000006,2.9100000000000015,2.959999999999996,6.589999999999996,1.7000000000000015,9.46,2.7900000000000036,3.639999999999999,4.5,2.9,3.7,8.8,2.2,23.7,8.5,5.8
-80.0833333333333,25.4166666666667,,0.9995,0.4197,0.9989,0.9992,0.9999,0.9727,0.9925,0.9888,0.9996,0.9924,2451.0,1244.0,1582.0,22.0,28.0,160.0,255.0,12.0,0.04999999999999449,86.7,0.10999999999999899,0.08000000000000229,0.009999999999998899,2.729999999999999,0.7499999999999951,1.1199999999999988,0.039999999999995595,0.7600000000000051,0.5,0.1,0.1,6.5,1.9,2.3,1.9,3.1
-80.75,28.25,280.008148193359,0.9987,0.4053,0.9961,0.9983,0.9988,0.9788,0.9973,0.9823,0.9795,0.9998,1877.0,888.0,1291.0,25.0,32.0,171.0,173.0,15.0,0.12999999999999678,88.2,0.39000000000000146,0.17000000000000348,0.11999999999999789,2.1199999999999997,0.27000000000000357,1.770000000000005,2.0499999999999963,0.019999999999997797,1.4,0.7,0.3,4.8,1.1,1.6,4.1,2.2
-80.5833333333333,28.4166666666667,80.0928344726562,0.9983,0.4714,0.9958,0.9975,0.9988,0.9789,0.9971,0.9803,0.9831,0.9996,2054.0,905.0,1288.0,25.0,33.0,162.0,191.0,15.0,0.17000000000000348,80.6,0.41999999999999815,0.24999999999999467,0.11999999999999789,2.1100000000000008,0.29000000000000137,1.970000000000005,1.6900000000000026,0.039999999999995595,1.1,0.6,0.3,4.8,0.9,2.1,3.6,2.2
-89.9166666666667,29.5833333333333,256.259399414062,0.9761,0.6602,0.9746,0.9696,0.9731,0.9573,0.9775,0.9345,0.8798,0.9967,597.0,263.0,196.0,9.0,18.0,42.0,2.0,7.0,2.3900000000000032,38.4,2.539999999999998,3.0399999999999983,2.6900000000000035,4.269999999999996,2.2499999999999964,6.550000000000001,12.019999999999998,0.32999999999999696,6.0,8.1,6.4,27.0,8.1,18.8,41.3,5.8
-93.5833333333333,29.75,124.561134338379,0.9879,0.6107,0.9872,0.9825,0.9844,0.9558,0.9941,0.9489,0.9373,0.9988,784.0,436.0,371.0,14.0,22.0,59.0,7.0,9.0,1.21,51.6,1.2800000000000034,1.749999999999996,1.5599999999999947,4.420000000000002,0.5900000000000016,5.110000000000003,6.269999999999998,0.11999999999999789,5.0,4.2,3.7,15.1,4.6,15.2,22.5,4.4
-89.4166666666667,29.0833333333333,6.75706243515015,0.971,0.2212,0.9737,0.9633,0.9788,0.9521,0.9835,0.9148,0.9316,0.991,673.0,301.0,279.0,13.0,22.0,27.0,8.0,7.0,2.9000000000000026,99.0,2.629999999999999,3.6699999999999955,2.1199999999999997,4.790000000000005,1.649999999999996,8.520000000000005,6.840000000000002,0.9000000000000008,5.6,6.8,4.8,17.1,4.6,22.5,21.0,5.8
-89.75,29.0833333333333,,0.9783,0.6748,0.9848,0.9775,0.9856,0.949,0.9859,0.9506,0.9479,0.9913,1120.0,500.0,455.0,13.0,25.0,73.0,21.0,9.0,2.1700000000000053,34.3,1.5199999999999991,2.2499999999999964,1.4399999999999968,5.100000000000005,1.4100000000000001,4.9399999999999995,5.2100000000000035,0.8700000000000041,3.6,3.3,2.9,17.1,3.0,12.7,13.8,4.4
-82.75,23.0833333333333,44.258056640625,0.9804,0.3945,0.9856,0.9879,0.9885,0.9397,0.9504,0.962,0.9897,0.9652,1852.0,866.0,808.0,23.0,18.0,98.0,148.0,5.0,1.959999999999995,89.2,1.4399999999999968,1.21,1.1499999999999955,6.030000000000002,4.959999999999997,3.8000000000000034,1.0299999999999976,3.4800000000000053,1.5,0.8,1.1,5.9,8.1,8.8,4.9,8.6
-89.5833333333333,29.25,0.749566853046417,0.9742,0.6483,0.9756,0.9697,0.979,0.954,0.9826,0.9239,0.9258,0.9936,670.0,319.0,271.0,12.0,21.0,34.0,6.0,7.0,2.5800000000000045,41.7,2.4399999999999977,3.0299999999999994,2.100000000000002,4.600000000000004,1.739999999999997,7.609999999999994,7.420000000000004,0.6399999999999961,5.6,6.3,5.0,19.3,5.3,20.6,24.4,5.8
-65.4166666666667,16.75,,0.7908,0.4158,0.8719,0.8397,0.8585,0.5985,0.687,0.7172,0.8298,0.9345,189.0,128.0,17.0,6.0,7.0,1.0,3.0,5.0,20.920000000000005,87.1,12.809999999999999,16.03,14.149999999999995,40.15,31.299999999999994,28.280000000000005,17.020000000000003,6.550000000000001,11.3,19.9,23.8,37.8,28.7,67.5,34.2,8.6
-90.5833333333333,28.4166666666667,,0.9718,0.5411,0.9834,0.9804,0.9773,0.9082,0.9658,0.9255,0.9769,0.9833,1203.0,620.0,411.0,14.0,26.0,46.0,50.0,10.0,2.8200000000000003,68.5,1.6599999999999948,1.959999999999995,2.2700000000000053,9.18,3.420000000000001,7.450000000000001,2.310000000000001,1.6700000000000048,3.3,2.1,3.3,15.1,2.6,17.9,9.6,3.9
-90.0833333333333,29.5833333333333,182.295318603516,0.9736,0.3207,0.9739,0.965,0.9702,0.9576,0.9746,0.9229,0.8816,0.9957,519.0,230.0,164.0,11.0,17.0,35.0,1.0,8.0,2.639999999999998,95.1,2.610000000000001,3.500000000000003,2.980000000000005,4.239999999999999,2.539999999999998,7.709999999999995,11.839999999999995,0.42999999999999705,6.4,9.7,7.2,21.4,9.2,20.4,56.6,5.0
-82.25,25.9166666666667,,0.9961,0.7416,0.9874,0.9994,0.9986,0.912,0.9804,0.9597,0.9943,0.9865,1728.0,1031.0,1199.0,15.0,25.0,115.0,218.0,12.0,0.39000000000000146,19.7,1.2599999999999945,0.060000000000004494,0.13999999999999568,8.799999999999997,1.959999999999995,4.03,0.5700000000000038,1.3499999999999956,1.7,0.4,0.4,13.3,3.0,6.6,2.8,3.1
-89.4166666666667,29.5833333333333,,0.9721,0.7213,0.9749,0.9695,0.9742,0.9434,0.9683,0.9232,0.8744,0.9946,553.0,267.0,195.0,11.0,18.0,33.0,1.0,7.0,2.7900000000000036,23.1,2.510000000000001,3.049999999999997,2.5800000000000045,5.659999999999998,3.169999999999995,7.679999999999998,12.560000000000004,0.539999999999996,6.2,8.0,6.4,21.4,8.1,20.8,56.6,5.8
-80.0833333333333,25.75,22.440071105957,0.9997,0.3202,0.9992,0.9996,0.9999,0.9778,0.9945,0.9902,0.9994,0.9951,2542.0,1271.0,1677.0,23.0,29.0,163.0,257.0,13.0,0.029999999999996696,95.2,0.08000000000000229,0.039999999999995595,0.009999999999998899,2.2199999999999998,0.5499999999999949,0.9800000000000031,0.060000000000004494,0.49000000000000155,0.4,0.1,0.0,5.9,1.7,2.1,1.8,2.8
-89.25,29.25,185.892578125,0.9796,0.5785,0.9817,0.9724,0.9822,0.9459,0.9851,0.9166,0.898,0.9964,621.0,284.0,240.0,13.0,21.0,31.0,4.0,8.0,2.0399999999999974,59.3,1.8299999999999983,2.759999999999996,1.7800000000000038,5.410000000000004,1.4900000000000024,8.340000000000003,10.199999999999998,0.36000000000000476,5.8,7.3,5.5,17.1,5.3,21.4,29.9,5.0
-89.75,29.4166666666667,151.913543701172,0.0077,0.5482,0.0224,0.0077,0.0077,0.0077,0.0077,0.0638,0.1005,0.093,0.0,0.0,0.0,0.0,0.0,0.0,0.0,0.0,99.22999999999999,67.0,97.76,99.22999999999999,99.22999999999999,99.22999999999999,99.22999999999999,93.62,89.95,90.7,100.0,100.0,100.0,100.0,100.0,100.0,100.0,100.0
-89.4166666666667,28.75,,0.9763,0.2721,0.9857,0.9741,0.9849,0.9514,0.9859,0.9468,0.9543,0.9885,1256.0,540.0,489.0,13.0,27.0,79.0,27.0,11.0,2.3700000000000054,97.6,1.429999999999998,2.5900000000000034,1.5100000000000002,4.859999999999998,1.4100000000000001,5.320000000000002,4.569999999999997,1.1499999999999955,3.1,2.9,2.6,17.1,2.2,11.7,12.5,3.5
-90.75,29.25,231.616149902344,0.9799,0.6057,0.9783,0.9763,0.9784,0.9561,0.9813,0.9401,0.9016,0.9977,685.0,349.0,279.0,12.0,19.0,57.0,5.0,9.0,2.0100000000000007,52.8,2.1700000000000053,2.3700000000000054,2.1599999999999953,4.390000000000005,1.870000000000005,5.989999999999995,9.840000000000003,0.22999999999999687,5.5,5.7,4.8,19.3,7.0,15.6,26.8,4.4
-61.5833333333333,10.25,132.727111816406,0.9741,0.408,0.9918,0.9718,0.9771,0.9105,0.9684,0.9539,0.9336,0.9921,818.0,381.0,308.0,13.0,14.0,66.0,13.0,9.0,2.5900000000000034,87.9,0.8199999999999985,2.8200000000000003,2.290000000000003,8.950000000000003,3.159999999999996,4.610000000000003,6.6400000000000015,0.7900000000000018,4.9,5.1,4.4,17.1,12.6,13.9,16.6,4.4
-89.0833333333333,29.0833333333333,59.3119926452637,0.9784,0.5758,0.9836,0.97,0.9852,0.9538,0.9843,0.9243,0.9287,0.9941,785.0,320.0,333.0,15.0,22.0,36.0,8.0,8.0,2.1599999999999953,59.9,1.639999999999997,3.0000000000000027,1.4800000000000035,4.620000000000002,1.5700000000000047,7.5699999999999985,7.130000000000003,0.5900000000000016,5.0,6.3,4.1,13.3,4.6,20.1,21.0,5.0
-158.083333333333,21.25,37.6326103210449,0.9995,0.6259,0.9992,0.9992,0.9997,0.9998,0.9482,0.9998,0.9996,0.975,1962.0,797.0,1033.0,46.0,22.0,182.0,226.0,9.0,0.04999999999999449,47.6,0.08000000000000229,0.08000000000000229,0.029999999999996696,0.019999999999997797,5.179999999999996,0.019999999999997797,0.039999999999995595,2.500000000000002,1.3,1.0,0.6,0.6,4.6,1.1,2.6,4.4
-92.25,19.25,,0.9611,0.6532,0.9686,0.9829,0.9717,0.871,0.9058,0.9617,0.9716,0.9695,1469.0,869.0,543.0,20.0,21.0,117.0,187.0,9.0,3.8900000000000046,40.3,3.1399999999999983,1.7100000000000004,2.829999999999999,12.9,9.419999999999995,3.83,2.839999999999998,3.049999999999997,2.4,0.7,2.3,7.9,5.3,6.3,3.7,4.4
-91.4166666666667,29.5833333333333,233.098937988281,0.9725,0.3366,0.9707,0.9569,0.9657,0.9417,0.9764,0.8707,0.6967,0.9953,330.0,158.0,87.0,9.0,14.0,8.0,0.0,6.0,2.749999999999997,94.0,2.9299999999999993,4.310000000000002,3.4299999999999997,5.830000000000002,2.3599999999999954,12.929999999999996,30.330000000000002,0.47000000000000375,7.9,15.6,10.3,27.0,12.6,34.3,100.0,6.7
-73.25,23.0833333333333,,0.8255,0.6281,0.8896,0.848,0.9077,0.7842,0.7174,0.8162,0.8444,0.8824,217.0,143.0,35.0,8.0,6.0,1.0,6.0,3.0,17.45,47.0,11.040000000000006,15.200000000000003,9.230000000000004,21.58,28.259999999999998,18.379999999999995,15.559999999999995,11.760000000000003,10.2,17.5,17.0,30.3,32.8,67.5,24.4,17.9
-90.9166666666667,28.4166666666667,,0.9744,0.5479,0.9849,0.9825,0.979,0.9096,0.9711,0.9224,0.98,0.9832,1214.0,644.0,436.0,14.0,26.0,38.0,54.0,11.0,2.5599999999999956,67.1,1.5100000000000002,1.749999999999996,2.100000000000002,9.040000000000003,2.8900000000000037,7.76,2.0000000000000018,1.6800000000000037,3.2,1.9,3.0,15.1,2.6,19.7,9.3,3.5
-158.083333333333,21.5833333333333,241.258377075195,0.9999,0.5512,1.0,0.9995,0.9999,0.9995,0.9369,0.9994,0.9984,0.9725,1885.0,765.0,1016.0,42.0,20.0,174.0,206.0,9.0,0.009999999999998899,66.1,0.0,0.04999999999999449,0.009999999999998899,0.04999999999999449,6.310000000000004,0.060000000000004494,0.16000000000000458,2.749999999999997,1.4,1.1,0.6,0.8,6.1,1.4,3.2,4.4
-79.9166666666667,26.25,,0.9979,0.4479,0.9939,0.9938,0.9995,0.9794,0.9839,0.9729,0.9988,0.9867,1934.0,944.0,1248.0,19.0,22.0,121.0,219.0,10.0,0.20999999999999908,83.6,0.6099999999999994,0.6199999999999983,0.04999999999999449,2.059999999999995,1.6100000000000003,2.7100000000000013,0.11999999999999789,1.3299999999999979,1.3,0.5,0.3,8.8,4.6,5.9,2.8,3.9
-82.25,9.41666666666667,70.3449478149414,0.9971,0.5672,0.9967,0.992,0.9951,0.9259,0.9934,0.9822,0.9993,0.9985,1767.0,766.0,910.0,18.0,24.0,159.0,89.0,12.0,0.29000000000000137,61.7,0.32999999999999696,0.8000000000000007,0.49000000000000155,7.4100000000000055,0.660000000000005,1.7800000000000038,0.07000000000000339,0.14999999999999458,1.7,1.1,0.9,9.7,3.4,2.3,7.1,3.1
-80.25,25.4166666666667,27.1583843231201,0.9999,0.3527,0.9998,0.9999,1.0,0.9811,0.9982,0.9922,0.9983,0.9998,2622.0,1250.0,1831.0,32.0,31.0,178.0,246.0,15.0,0.009999999999998899,92.8,0.019999999999997797,0.009999999999998899,0.0,1.8900000000000028,0.18000000000000238,0.7800000000000029,0.17000000000000348,0.019999999999997797,0.4,0.1,0.0,2.2,1.2,1.2,2.1,2.2
